path	sha256
crates/z1-core/src/domain.rs	b84189357f789300ea5b79d1438d87e12dc2c05ef3b3bf2a2b7d168026a86a6b
crates/z1-core/src/lib.rs	4a5643ec75d322b436f3cb7385e9d0434e47391f1b42158d5a4c13488d247922
crates/z1-core/src/pr_review.rs	77c6f201b46fec1f60af5a9b3b2cf7ef0435ab4541d2b5cfbb1563e47ee6417f
crates/z1-core/src/pr_review/host.rs	5724dc06b119f7f56c4e4e040e195cad85b056c199187a9289093894bc26e59d
crates/z1-core/src/pr_review/host/lifecycle.rs	11cf9c3938caf9580d7b044c63b293d681330ceced34d16acd814c17e3a681db
crates/z1-core/src/pr_review/host/mutation.rs	177b78bc502ebe52367791c7398b238fe9d53de9f5b89d06441b7695fc9e088a
crates/z1-core/src/pr_review/lifecycle.rs	be90a48c93edb1809ed701e481622419b831d5549f18d7e72f6a18450118b41b
crates/z1-core/src/pull_requests.rs	68c0ddcf094e4ab628e7292e884131d1dc56a18e6922b7ba3653f08bb448a90e
crates/z1-core/src/runtime.rs	5eac52d20766623b4850eda79075076a8263abfaaf1f65276e802bb06873a132
crates/z1-core/src/runtime/pr_review.rs	0d854b9589d0b1d8b168cb7d16a3b999542cd9c16476e7c115f0038b92f318d2
crates/z1-core/src/runtime/pr_review/tests.rs	d4f74d63e8058f2312ac770930069cc7187d2a7f39f208862044ee9670d0370a
crates/z1-core/src/runtime/pull_requests.rs	f8deb314d2942f0b4a97fce16568553c60a45a2dc65759a30972238c3039392f
crates/z1-core/src/settings.rs	eb548c32c484deee038e826e4074003f55b5f84e327dab2f7e514b5488beadef
crates/z1-core/src/settlement.rs	51106aee81d88a9a87a4a8647b8d66accd81bf22b57b08b518d35903e520dd9f
crates/z1-core/src/store.rs	da62efd21ff2d9d7f43102c5cd1f31cb1b7360e01bfff64eff9da10307c2ca2a
crates/z1-core/tests/fixtures/gh-lifecycle.py	5e6e39f3bd88ed3cb935836112536123376f021f30817336cf1c8e142146ad53
crates/z1-core/tests/pull_requests.rs	c3553ffbbd4b01230b287c6486390148320b1ede70a8681102f894ff25374764
crates/z1-core/tests/reviews.rs	997c404b4a19c38709ec17872fe7c22b1cedb3131b972f0bbbcb210e812dd77a
crates/z1-core/tests/reviews/lifecycle.rs	481733102e77f154e27fb24e97eedc94a7ef2f0955f9c2e65b27d0f1006b58f4
crates/z1-core/tests/runtime.rs	e160eb01f1d6d99f02cc9d3a9e5e1527b477911453a232f8e3e30db018a248c4
crates/z1-core/tests/settlement.rs	6ce922b5418d9c9dce4a59de2e9c0091374502968b71f3b7ed3e06a37029569d
src-tauri/src/ipc.rs	87347a18bcaf2dadd67709d42c02fd10eda3bae002808fefa1795610aa11bc5e
src-tauri/src/main.rs	7c9969299df3a2225e6bbab3ba5672974e9737d435aace56bdeeefe2abe34b5b
src/ipc.ts	15d5f258a4d22f915588cc8d8310ea912abf88699ad68f6f03d24ea28fa86aab
src/panel/PullRequestDetail.tsx	fe459a65c851a7207011766b7c9f894d16d9fb996924c2bc70bccc6b7877acf3
src/panel/PullRequestLifecycle.tsx	f79b62d6cb8703121882900cb268bd89a3582e2bfb429294a481377541a440d9
src/panel/PullRequestReviewComposer.tsx	ff1b9aefd101f2f0c6a7cda7f4525bdf4db7a2df29a71c9fce75faa73d03b657
src/panel/PullRequestTimeline.tsx	bb905ed8b835875fda2ab188d5eec5a1960338820448e62a8c18148d0db0fa32
src/panel/prLifecycle.ts	261d458d7d3fe7ed34a1326fee60fab3320058cf2c49de4bef2736612b92178b
src/panel/prReview.ts	2e15b54f18df6f3537b1ff42a9cd74a83650968d27b1d922acb154dfd4286d1f
src/panel/reviews.test.ts	d462f1d050b2f90abc772b851f34d35e21587fe404c5cf5db71a3aab7b2ad4e0
src/panel/reviews.ts	b074b07f80f95fd8e72e4dd5289f04423813ee014116f0aa7bc772f9cfd3d2cb
src/settings/ProjectSettingRow.tsx	88e140f2f9c86b2cc53dad0ceeaca01937be0840777229dc1a43153edf2607c5
src/settings/mergeSettlement.test.ts	b200b4473bff6cc0928bbd980b9454510e361c9fc2f27e9db93bfd827832b3b5
src/settings/preferences.tsx	540fd2cd3e7d9981bc095f919b0c6807d798df2118bd6f5a05100b94bbfa174e
src/settings/settingsCatalog.ts	2f76c526a2ff30a6596e67380e47b3fe178bd784f8983694659b5be1dfb64433
