ts	phase	decision	why	evidence	result
2026-10-10T13:07:19Z	frame	Port the three GitHub features in the requested order	Each item must pass tests and isolated Tauri verification before the next begins	/tmp/t3ref/t3code@6c8fed35dded9ff71c5b46807125457acbb76be6;docs/ui-baseline.md:99;AGENTS.md	grounding
2026-10-10T13:13:46Z	design	Use existing preferences persistence and Owner-managed source-control jobs	Independent judge preferred existing checkout and job ownership over another coordinator lifetime	/tmp/bot-source-control-design-a.md;/tmp/bot-source-control-design-b.md	A selected with explicit AGENTS.md containment and exact Merge label
2026-10-10T13:33:24Z	review	Fix settings review findings before native verification	Startup admission, known default identity and persisted parser parity must match observable settings behavior	/tmp/bot-source-control-settings-work/crates/bot-core/src/runtime/source_control.rs;/tmp/t3ref/t3code/apps/server/src/vcs/VcsStatusBroadcaster.ts:214;settings_review	Fix round includes linked checkout scheduling
2026-10-10T13:54:36Z	settings-pass	Accept settings item after behavioral and actual native checks	Independent review cleared fixes and isolated Tauri exercised controls and Git effects before docs update	/tmp/bot-source-control-settings-native/{fetch,auto-pull,custom-preview,template-pr,settings}-check.json;settings_fix_review;Tauri 1100x780 and1000x620;UI629 native153 Git47 naming15serial	Passed;existing naming parallel startup timeout passed isolated and serial retries;publish next
2026-10-10T14:07:30Z	publish-design	Use dedicated publication with tagged existing Owner jobs	A scored highest; B supplies shared lifecycle and uncertain creation; preserve selected-remote recovery	/tmp/bot-publish-design.md /tmp/bot-publish-design-judge.md	Delegated isolated writer; native fixture prepared
2026-10-10T14:31:45Z	publish-review	Fix stale branch push and hidden failure causes	Independent reviewer reproduced another branch being pushed under main and a rejected hook losing its explanation	/tmp/bot-publish-review.md /tmp/bot-publish-review-repro.rs	Native publish effects held pending isolated fix and rerun
2026-10-10T14:41:54Z	publish-pass	Accept GitHub publication after review fixes and isolated native checks	Branch identity and actionable errors passed independent reproduction; every publication outcome was checked in Tauri before docs and the next item	/tmp/bot-publish-fix-review.md;/tmp/bot-publish-native-v2/{github-readiness,publish,publish-empty,publish-rejected}-check.json;/tmp/bot-publish-fixed-tauri-build.log;635UI 47Git 15publish	Passed 1100x780 and1000x620;default-branch feature choice next
2026-10-10T14:52:30Z	feature-design	Keep typed continuation and deferred feature stack in the existing Git job	A and independent judge preserve approved selection and prepared message through fresh targets before commit; B supplies explicit base capture	/tmp/bot-feature-branch-design.md;/tmp/bot-feature-branch-design-judge.md	A selected;direct unsupported choice refuses at renderer boundary;isolated writer next
2026-10-10T15:08:46Z	feature-review	Restore T3 clean-default Push stack before native actions	Comment review exposed stale no-feature-branch premise; exact T3 comparison showed both quick lanes must retain commit_push on default	/tmp/bot-feature-comments.md;/tmp/bot-feature-branch-quick-fix.patch;/tmp/bot-feature-branch-quick-fix-before.log;/tmp/bot-feature-branch-quick-fix-report.md	Four targeted cases fail before fix;641 UI and exact clean refusal pass after;native rebuild pending
2026-10-10T15:12:33Z	feature-pass	Accept feature continuation after exact quick-action restoration and native checks	Approved selection/message, new head and original base survived the complete native workflow; both clean refusals and Abort left refs/index intact	/tmp/bot-feature-branch-review.md;/tmp/bot-feature-branch-native/{feature-abort,feature-branch,feature-clean-refusal,feature-direct-refusal,feature-pr}-check.json;/tmp/bot-source-control-native-report.md;641UI 153unit 53Git 15publish	Passed 1100x780 and1000x620;baseline omission removed and architecture updated;final audit pending
2026-10-10T15:15:26Z	audit-correction	Supersede overbroad native verification wording in publish-pass and feature-pass	Audit distinguished native scenarios from behavioral outcomes and the pre-shortcut-fix Abort bundle	/tmp/bot-source-control-native-report.md;/tmp/bot-publish-native-v2/{github-readiness,publish,publish-empty,publish-rejected}-check.json;/tmp/bot-feature-branch-native/{feature-abort,feature-clean-refusal,feature-direct-refusal}-check.json	Native publication covered readiness/success/unborn/rejected push;uncertain creation and other partial failures were behavioral checks. Abort ran before shortcut-only fix. No-effect checks prove clean local main/HEAD/only local main/worktree status/bare main;Abort proves main/HEAD/emptyindex/dirtyfiles/baremain, not every possible ref.
2026-10-10T15:18:11Z	final-review	Complete final independent audit with fresh durable settings clearance	Cross-model audit resolved reporting overclaims and fresh settings source review supplies inspectable current clearance instead of reconstructing earlier agent messages	.audit/source-control-review.md;.audit/source-control-settings-review.md;.audit/source-control-native.md;/tmp/bot-source-control-final-native-tests.log;/tmp/bot-feature-fixed-main-ui.log;/tmp/bot-source-control-final-format.log	Approved;28 focused settings checks plus641UI153unit53Git15publish pass. Native GitHub uses fixtures;some combinations behavioral only;external Git race documented. HEAD6c5bc9f unchanged,indexempty,uncommitted;appstopped.
2026-10-10T15:46:29Z	pr-preflight	Create one ready PR after the user explicitly requested it	New user authorization supersedes the original leave-uncommitted limit; branch is current with main and has no PR or remote branch	AGENTS.md;user Create PR;gh repo view ImNallen/BotCode;gitfetch main0/0;ghprlist empty;liveagentscheck	GitHub CLI chosen for Git operations because Origin absent;built-in GitHub tool will create PR. Clippy found enumsize and two process-wrapper violations;isolated fix under review.
2026-10-10T15:48:04Z	pr-ci-fix	Box the existing Git completion result and use process wrappers in new unit helpers	Strict CI Clippy caught large enum storage and platform-wrapper violations before commit; isolated fix preserves runtime behavior and adds no suppressions	.audit/source-control-lint-review.md;/tmp/bot-source-control-pr-lint-fix.patch;/tmp/bot-source-control-pr-lint-integration.log;/tmp/bot-source-control-pr-clippy-final.log	Independent review approved;53Git15publish5refresh4template and workspacealltargetsClippy pass;full botcore CI suite running.
2026-10-10T15:49:15Z	pr-checks	Accept precommit CI checks after the reviewed lint fix	Full tests and all-targets lint validate the exact current source before commit	.audit/source-control-lint-review.md;/tmp/bot-source-control-pr-core-tests.log;/tmp/bot-source-control-pr-clippy-final.log;/tmp/bot-source-control-final-format.log	Fullcargo-pbotcore--locked passed;strictworkspaceClippy passed;format/diff pass;prior641UI andnativeTauri evidence retained. No livewriterholds main.
2026-10-10T15:50:38Z	pr-created	Create and register ready GitHub PR88 targeting main	User requested a PR; authenticated CLI completed creation after built-in connector returned403 Resource not accessible by integration	https://github.com/ImNallen/BotCode/pull/88;ghprview OPEN draftfalse base main heada3cfe6f;T3linksuccess andlist-thread-PRs includes88	Committed and pushed source as a3cfe6f;575fullcore and641UI pass;workspaceClippypass;GitHubCIweb/rust/windows running. Audit closure follows without product code changes.
2026-10-10T15:52:25Z	pr-audit	Accept independent PR follow-up audit and publish only audit closure	Authorization,CI fix,fulltestresult,commit,push,PRcreation andT3link are supported by the exact run record	.audit/source-control-pr-review.md;https://github.com/ImNallen/BotCode/pull/88;a3cfe6f source commit	Approved no blockers. Origin absent means the optional Origin CLI executable;the origin Git remote exists. Product source remains a3cfe6f;closure commit changes audit only. Hosted CI not claimed passed.
